<?xml version="1.0" encoding="utf-8"?>
<ApplicationInstallerManifest>
   <DefaultInstallationDirectory>/Applications/topopt/</DefaultInstallationDirectory>
   <ApplicationName>topopt</ApplicationName>
   <ExecutableName>application/topopt.exe</ExecutableName>
   <GUID>5adb69a2-dd00-468c-9804-937cf617ce3c</GUID>
   <ApplicationIcon>default_icon_48.png</ApplicationIcon>
   <Logo>default_logo.png</Logo>
   <Version>1.0</Version>
   <InstallationNotes>In the following directions, replace MCR_ROOT by the directory where the MATLAB Runtime is installed on the target machine.

If the environment variable DYLD_LIBRARY_PATH is undefined, set it to the concatenation of the following strings:

    MCR_ROOT/v91/runtime/maci64:
    MCR_ROOT/v91/sys/os/maci64:
    MCR_ROOT/v91/bin/maci64

If it is defined, set it to the concatenation of these strings:

    ${LD_LIBRARY_PATH}: 
    MCR_ROOT/v91/runtime/maci64:
    MCR_ROOT/v91/sys/os/maci64:
    MCR_ROOT/v91/bin/maci64</InstallationNotes>
   <WelcomePanelText>topopt 1.0</WelcomePanelText>
   <MCRProducts>
      <MCRProduct>
         <ExternalProductIdentifier>35000</ExternalProductIdentifier>
      </MCRProduct>
      <MCRProduct>
         <ExternalProductIdentifier>35010</ExternalProductIdentifier>
      </MCRProduct>
   </MCRProducts>
</ApplicationInstallerManifest>