<?xml version="1.0" encoding="utf-8"?>
<productAdditionalComps>
   <dependsOn>
      <component>
         <name>top88</name>
         <locale/>
         <platformList>
            <platform>maci64</platform>
         </platformList>
         <version>1.0</version>
      </component>
   </dependsOn>
   <isControllingProduct>true</isControllingProduct>
   <platform>maci64</platform>
   <productName>top88</productName>
   <productNumber>5000</productNumber>
   <productBaseCode>top88</productBaseCode>
   <productVersion>1.0</productVersion>
   <releaseFamily>R2016b</releaseFamily>
   <releaseDescription>R2016b</releaseDescription>
</productAdditionalComps>